Workbook

Sheet Basic Pay
B2: Basic Pay of the Employees
B3: Emp_ID | C3: Emp_Name | D3: Emp_Basic_Pay
B4: 5001 | C4: Sandy | D4: 4500
B5: 5003 | C5: Sam | D5: 2500
B6: 5098 | C6: Peter | D6: 4500
B7: 5689 | C7: Bobby | D7: 3200
B8: 5764 | C8: John | D8: 1223
B9: 5091 | C9: Rita | D9: 7890
B10: 5673 | C10: Rozy | D10: 6500
B11: 5901 | C11: Rozita | D11: 5479
B12: 5764 | C12: Andre | D12: 3456
B13: 5555 | C13: Rocher | D13: 1200

Sheet HRA
B3: HRA of the Employees
B4: Emp_ID | C4: Emp_Name | D4: Emp_HRA
B5: 5001 | C5: Sandy
B6: 5003 | C6: Sam
B7: 5098 | C7: Peter
B8: 5689 | C8: Bobby
B9: 5764 | C9: John
B10: 5091 | C10: Rita
B11: 5673 | C11: Rozy
B12: 5901 | C12: Rozita
B13: 5764 | C13: Andre
B14: 5555 | C14: Rocher

Sheet DA
B3: DA of the Employees
B4: Emp_ID | C4: Emp_Name | D4: Emp_DA
B5: 5001 | C5: Sandy
B6: 5003 | C6: Sam
B7: 5098 | C7: Peter
B8: 5689 | C8: Bobby
B9: 5764 | C9: John
B10: 5091 | C10: Rita
B11: 5673 | C11: Rozy
B12: 5901 | C12: Rozita
B13: 5764 | C13: Andre
B14: 5555 | C14: Rocher

Sheet Gross Salary
A1: Emp_Id | B1: Emp_Name | C1: Emp_Basic_Pay | D1: DA | E1: HRA | F1: Gross Salary
A2: ='Basic Pay'!B4 -> 5001 | B2: ='Basic Pay'!C4 -> Sandy | C2: ='Basic Pay'!D4 -> 4500 | D2: =C2*12% -> 540 | E2: =(C2+D2)*50% -> 2520 | F2: =C2+D2+E2 -> 7560
A3: ='Basic Pay'!B5 -> 5003 | B3: ='Basic Pay'!C5 -> Sam | C3: ='Basic Pay'!D5 -> 2500 | D3: =C3*12% -> 300 | E3: =(C3+D3)*50% -> 1400 | F3: =C3+D3+E3 -> 4200
A4: ='Basic Pay'!B6 -> 5098 | B4: ='Basic Pay'!C6 -> Peter | C4: ='Basic Pay'!D6 -> 4500 | D4: =C4*12% -> 540 | E4: =(C4+D4)*50% -> 2520 | F4: =C4+D4+E4 -> 7560
A5: ='Basic Pay'!B7 -> 5689 | B5: ='Basic Pay'!C7 -> Bobby | C5: ='Basic Pay'!D7 -> 3200 | D5: =C5*12% -> 384 | E5: =(C5+D5)*50% -> 1792 | F5: =C5+D5+E5 -> 5376
A6: ='Basic Pay'!B8 -> 5764 | B6: ='Basic Pay'!C8 -> John | C6: ='Basic Pay'!D8 -> 1223 | D6: =C6*12% -> 146.76 | E6: =(C6+D6)*50% -> 684.88 | F6: =C6+D6+E6 -> 2054.64
A7: ='Basic Pay'!B9 -> 5091 | B7: ='Basic Pay'!C9 -> Rita | C7: ='Basic Pay'!D9 -> 7890 | D7: =C7*12% -> 946.8 | E7: =(C7+D7)*50% -> 4418.4 | F7: =C7+D7+E7 -> 13255.2
A8: ='Basic Pay'!B10 -> 5673 | B8: ='Basic Pay'!C10 -> Rozy | C8: ='Basic Pay'!D10 -> 6500 | D8: =C8*12% -> 780 | E8: =(C8+D8)*50% -> 3640 | F8: =C8+D8+E8 -> 10920
A9: ='Basic Pay'!B11 -> 5901 | B9: ='Basic Pay'!C11 -> Rozita | C9: ='Basic Pay'!D11 -> 5479 | D9: =C9*12% -> 657.48 | E9: =(C9+D9)*50% -> 3068.24 | F9: =C9+D9+E9 -> 9204.72
A10: ='Basic Pay'!B12 -> 5764 | B10: ='Basic Pay'!C12 -> Andre | C10: ='Basic Pay'!D12 -> 3456 | D10: =C10*12% -> 414.72 | E10: =(C10+D10)*50% -> 1935.36 | F10: =C10+D10+E10 -> 5806.08
A11: ='Basic Pay'!B13 -> 5555 | B11: ='Basic Pay'!C13 -> Rocher | C11: ='Basic Pay'!D13 -> 1200 | D11: =C11*12% -> 144 | E11: =(C11+D11)*50% -> 672 | F11: =C11+D11+E11 -> 2016
